{"textures":{"0":"modelengine:entity/toro_queenbee"},"elements":[{"from":[4.0,3.4285712,-0.57142925],"to":[12.0,10.857143,7.428571],"rotation":{"angle":0.0,"axis":"y","origin":[8.0,7.714286,3.4285712]},"faces":{"east":{"uv":[1.875,4.875,2.75,5.6875],"rotation":0,"texture":"#0","tintindex":0},"south":{"uv":[5.0,0.875,5.875,1.6875],"rotation":0,"texture":"#0","tintindex":0},"north":{"uv":[0.0,4.875,0.875,5.6875],"rotation":0,"texture":"#0","tintindex":0},"west":{"uv":[5.0,4.25,5.875,5.0625],"rotation":0,"texture":"#0","tintindex":0},"up":{"uv":[5.4375,0.875,4.5625,0.0],"rotation":0,"texture":"#0","tintindex":0},"down":{"uv":[1.875,4.75,1.0,5.625],"rotation":0,"texture":"#0","tintindex":0}}},{"from":[3.8571424,3.142857,-2.8571434],"to":[5.142857,4.428571,0.0],"rotation":{"angle":-22.5,"axis":"x","origin":[6.285714,4.285714,-1.4285717]},"faces":{"east":{"uv":[4.5625,0.875,4.875,1.0],"rotation":0,"texture":"#0","tintindex":0},"south":{"uv":[7.9375,5.9375,8.0625,6.0625],"rotation":0,"texture":"#0","tintindex":0},"north":{"uv":[7.9375,5.8125,8.0625,5.9375],"rotation":0,"texture":"#0","tintindex":0},"west":{"uv":[5.9375,3.125,6.25,3.25],"rotation":0,"texture":"#0","tintindex":0},"up":{"uv":[4.9375,6.4375,4.8125,6.125],"rotation":0,"texture":"#0","tintindex":0},"down":{"uv":[1.4375,6.8125,1.3125,7.125],"rotation":0,"texture":"#0","tintindex":0}}},{"from":[4.0,2.8571424,-2.285715],"to":[5.285714,4.0,-0.57142925],"rotation":{"angle":-45.0,"axis":"y","origin":[6.285714,4.285714,-1.4285717]},"faces":{"east":{"uv":[3.125,2.5,3.3125,2.625],"rotation":0,"texture":"#0","tintindex":0},"south":{"uv":[7.9375,6.1875,8.0625,6.3125],"rotation":0,"texture":"#0","tintindex":0},"north":{"uv":[7.9375,6.0625,8.0625,6.1875],"rotation":0,"texture":"#0","tintindex":0},"west":{"uv":[4.125,2.125,4.3125,2.25],"rotation":0,"texture":"#0","tintindex":0},"up":{"uv":[8.0,3.375,7.875,3.1875],"rotation":0,"texture":"#0","tintindex":0},"down":{"uv":[3.375,7.875,3.25,8.0625],"rotation":0,"texture":"#0","tintindex":0}}},{"from":[10.714286,2.8571424,-2.285715],"to":[12.0,4.0,-0.57142925],"rotation":{"angle":45.0,"axis":"y","origin":[9.714286,4.285714,-1.4285717]},"faces":{"east":{"uv":[7.125,2.75,7.3125,2.875],"rotation":0,"texture":"#0","tintindex":0},"south":{"uv":[6.375,7.9375,6.5,8.0625],"rotation":0,"texture":"#0","tintindex":0},"north":{"uv":[7.9375,6.3125,8.0625,6.4375],"rotation":0,"texture":"#0","tintindex":0},"west":{"uv":[7.1875,2.0625,7.375,2.1875],"rotation":0,"texture":"#0","tintindex":0},"up":{"uv":[3.5,8.0625,3.375,7.875],"rotation":0,"texture":"#0","tintindex":0},"down":{"uv":[8.0,3.375,7.875,3.5625],"rotation":0,"texture":"#0","tintindex":0}}},{"from":[10.857143,3.142857,-2.8571434],"to":[12.142858,4.428571,0.0],"rotation":{"angle":-22.5,"axis":"x","origin":[9.714286,4.285714,-1.4285717]},"faces":{"east":{"uv":[7.75,1.9375,8.0625,2.0625],"rotation":0,"texture":"#0","tintindex":0},"south":{"uv":[6.5,7.9375,6.625,8.0625],"rotation":0,"texture":"#0","tintindex":0},"north":{"uv":[7.9375,6.4375,8.0625,6.5625],"rotation":0,"texture":"#0","tintindex":0},"west":{"uv":[7.75,5.1875,8.0625,5.3125],"rotation":0,"texture":"#0","tintindex":0},"up":{"uv":[7.0,8.0625,6.875,7.75],"rotation":0,"texture":"#0","tintindex":0},"down":{"uv":[7.125,7.75,7.0,8.0625],"rotation":0,"texture":"#0","tintindex":0}}},{"from":[9.714286,5.142857,-1.1428576],"to":[12.571428,9.714286,2.2857141],"rotation":{"angle":0.0,"axis":"y","origin":[7.428571,7.714286,3.4285712]},"faces":{"east":{"uv":[3.125,6.5,3.5,7.0],"rotation":0,"texture":"#0","tintindex":0},"south":{"uv":[6.6875,5.625,7.0,6.125],"rotation":0,"texture":"#0","tintindex":0},"north":{"uv":[0.5625,5.6875,0.875,6.1875],"rotation":0,"texture":"#0","tintindex":0},"west":{"uv":[1.875,6.6875,2.25,7.1875],"rotation":0,"texture":"#0","tintindex":0},"up":{"uv":[7.4375,0.75,7.125,0.375],"rotation":0,"texture":"#0","tintindex":0},"down":{"uv":[1.625,7.125,1.3125,7.5],"rotation":0,"texture":"#0","tintindex":0}}},{"from":[3.4285712,5.142857,-1.1428576],"to":[6.285714,9.714286,2.2857141],"rotation":{"angle":0.0,"axis":"y","origin":[8.571428,7.714286,3.4285712]},"faces":{"east":{"uv":[6.6875,4.625,7.0625,5.125],"rotation":0,"texture":"#0","tintindex":0},"south":{"uv":[6.6875,6.625,7.0,7.125],"rotation":0,"texture":"#0","tintindex":0},"north":{"uv":[6.6875,6.125,7.0,6.625],"rotation":0,"texture":"#0","tintindex":0},"west":{"uv":[6.6875,5.125,7.0625,5.625],"rotation":0,"texture":"#0","tintindex":0},"up":{"uv":[7.4375,2.75,7.125,2.375],"rotation":0,"texture":"#0","tintindex":0},"down":{"uv":[7.4375,3.25,7.125,3.625],"rotation":0,"texture":"#0","tintindex":0}}},{"from":[4.0,8.142858,-1.2857151],"to":[5.0,9.142858,-1.2857151],"rotation":{"angle":0.0,"axis":"y","origin":[8.571428,7.714286,3.4285712]},"faces":{"east":{"uv":[0.0,0.0,0.0,0.125],"rotation":0,"texture":"#0","tintindex":0},"south":{"uv":[7.9375,7.0625,8.0625,7.1875],"rotation":0,"texture":"#0","tintindex":0},"north":{"uv":[7.9375,6.9375,8.0625,7.0625],"rotation":0,"texture":"#0","tintindex":0},"west":{"uv":[0.0,0.0,0.0,0.125],"rotation":0,"texture":"#0","tintindex":0},"up":{"uv":[0.125,0.0,0.0,0.0],"rotation":0,"texture":"#0","tintindex":0},"down":{"uv":[0.125,0.0,0.0,0.0],"rotation":0,"texture":"#0","tintindex":0}}},{"from":[10.142858,8.142858,-1.2857151],"to":[11.142858,9.142858,-1.2857151],"rotation":{"angle":0.0,"axis":"y","origin":[7.428571,7.714286,3.4285712]},"faces":{"east":{"uv":[0.0,0.0,0.0,0.125],"rotation":0,"texture":"#0","tintindex":0},"south":{"uv":[7.9375,7.1875,8.0625,7.3125],"rotation":0,"texture":"#0","tintindex":0},"north":{"uv":[7.125,7.9375,7.25,8.0625],"rotation":0,"texture":"#0","tintindex":0},"west":{"uv":[0.0,0.0,0.0,0.125],"rotation":0,"texture":"#0","tintindex":0},"up":{"uv":[0.125,0.0,0.0,0.0],"rotation":0,"texture":"#0","tintindex":0},"down":{"uv":[0.125,0.0,0.0,0.0],"rotation":0,"texture":"#0","tintindex":0}}}],"display":{"head":{"translation":[0.0,-6.4,0.0],"scale":[4.0,4.0,4.0]}}}