{"textures":{"0":"modelengine:entity/toro_queenbee"},"elements":[{"from":[6.0737233,2.3778553,5.919129],"to":[10.073724,8.092141,9.919129],"rotation":{"angle":0.0,"axis":"y","origin":[12.930866,-19.765003,16.061987]},"faces":{"east":{"uv":[5.9375,2.5,6.375,3.125],"rotation":0,"texture":"#0","tintindex":0},"south":{"uv":[6.0,1.25,6.4375,1.875],"rotation":0,"texture":"#0","tintindex":0},"north":{"uv":[5.375,5.875,5.8125,6.5],"rotation":0,"texture":"#0","tintindex":0},"west":{"uv":[6.0,1.875,6.4375,2.5],"rotation":0,"texture":"#0","tintindex":0},"up":{"uv":[6.875,2.4375,6.4375,2.0],"rotation":0,"texture":"#0","tintindex":0},"down":{"uv":[2.6875,6.5,2.25,6.9375],"rotation":0,"texture":"#0","tintindex":0}}},{"from":[5.3594375,1.9492841,7.0619864],"to":[6.5022945,5.949284,8.776272],"rotation":{"angle":0.0,"axis":"y","origin":[12.930866,-19.765003,16.061987]},"faces":{"east":{"uv":[5.0,1.6875,5.1875,2.125],"rotation":0,"texture":"#0","tintindex":0},"south":{"uv":[4.375,7.75,4.5,8.1875],"rotation":0,"texture":"#0","tintindex":0},"north":{"uv":[5.875,1.25,6.0,1.6875],"rotation":0,"texture":"#0","tintindex":0},"west":{"uv":[2.875,7.4375,3.0625,7.875],"rotation":0,"texture":"#0","tintindex":0},"up":{"uv":[1.0,5.5625,0.875,5.375],"rotation":0,"texture":"#0","tintindex":0},"down":{"uv":[2.75,5.6875,2.625,5.875],"rotation":0,"texture":"#0","tintindex":0}}},{"from":[6.405623,-0.41404533,6.061986],"to":[9.262766,3.5859547,8.919129],"rotation":{"angle":22.5,"axis":"z","origin":[8.977052,4.014526,7.9191294]},"faces":{"east":{"uv":[1.0,6.8125,1.3125,7.25],"rotation":0,"texture":"#0","tintindex":0},"south":{"uv":[6.8125,2.4375,7.125,2.875],"rotation":0,"texture":"#0","tintindex":0},"north":{"uv":[6.8125,0.4375,7.125,0.875],"rotation":0,"texture":"#0","tintindex":0},"west":{"uv":[0.0,6.875,0.3125,7.3125],"rotation":0,"texture":"#0","tintindex":0},"up":{"uv":[5.625,7.6875,5.3125,7.375],"rotation":0,"texture":"#0","tintindex":0},"down":{"uv":[6.6875,7.375,6.375,7.6875],"rotation":0,"texture":"#0","tintindex":0}}},{"from":[7.2165804,-1.4792881,5.6334147],"to":[9.502295,1.0921412,7.6334147],"rotation":{"angle":22.5,"axis":"z","origin":[8.645152,2.949284,7.9191294]},"faces":{"east":{"uv":[7.4375,2.375,7.6875,2.6875],"rotation":0,"texture":"#0","tintindex":0},"south":{"uv":[7.4375,3.625,7.6875,3.9375],"rotation":0,"texture":"#0","tintindex":0},"north":{"uv":[6.375,2.9375,6.625,3.25],"rotation":0,"texture":"#0","tintindex":0},"west":{"uv":[7.4375,5.625,7.6875,5.9375],"rotation":0,"texture":"#0","tintindex":0},"up":{"uv":[7.9375,6.0625,7.6875,5.8125],"rotation":0,"texture":"#0","tintindex":0},"down":{"uv":[7.9375,6.0625,7.6875,6.3125],"rotation":0,"texture":"#0","tintindex":0}}}],"display":{"head":{"translation":[0.0,-6.4,0.0],"scale":[4.0,4.0,4.0]}}}