{"textures":{"0":"modelengine:entity/toro_queenbee"},"elements":[{"from":[6.0737233,2.3778553,5.919129],"to":[10.073724,8.092141,9.919129],"rotation":{"angle":0.0,"axis":"y","origin":[12.930866,-19.765003,16.061987]},"faces":{"east":{"uv":[5.8125,5.0625,6.25,5.6875],"rotation":0,"texture":"#0","tintindex":0},"south":{"uv":[5.8125,5.6875,6.25,6.3125],"rotation":0,"texture":"#0","tintindex":0},"north":{"uv":[2.625,5.875,3.0625,6.5],"rotation":0,"texture":"#0","tintindex":0},"west":{"uv":[5.875,0.625,6.3125,1.25],"rotation":0,"texture":"#0","tintindex":0},"up":{"uv":[6.25,6.75,5.8125,6.3125],"rotation":0,"texture":"#0","tintindex":0},"down":{"uv":[6.8125,2.5,6.375,2.9375],"rotation":0,"texture":"#0","tintindex":0}}},{"from":[5.5022945,4.092141,6.2048435],"to":[6.0737233,5.234998,7.3477006],"rotation":{"angle":0.0,"axis":"y","origin":[12.930866,-19.765003,16.061987]},"faces":{"east":{"uv":[1.875,4.75,2.0,4.875],"rotation":0,"texture":"#0","tintindex":0},"south":{"uv":[4.9375,5.75,5.0,5.875],"rotation":0,"texture":"#0","tintindex":0},"north":{"uv":[3.25,4.5,3.3125,4.625],"rotation":0,"texture":"#0","tintindex":0},"west":{"uv":[4.875,0.875,5.0,1.0],"rotation":0,"texture":"#0","tintindex":0},"up":{"uv":[7.125,3.375,7.0625,3.25],"rotation":0,"texture":"#0","tintindex":0},"down":{"uv":[7.1875,0.75,7.125,0.875],"rotation":0,"texture":"#0","tintindex":0}}},{"from":[6.3594375,4.092141,5.3477006],"to":[7.502295,5.234998,5.919129],"rotation":{"angle":0.0,"axis":"y","origin":[12.930866,-19.765003,16.061987]},"faces":{"east":{"uv":[0.25,7.3125,0.3125,7.4375],"rotation":0,"texture":"#0","tintindex":0},"south":{"uv":[6.25,3.125,6.375,3.25],"rotation":0,"texture":"#0","tintindex":0},"north":{"uv":[4.1875,5.375,4.3125,5.5],"rotation":0,"texture":"#0","tintindex":0},"west":{"uv":[7.3125,2.75,7.375,2.875],"rotation":0,"texture":"#0","tintindex":0},"up":{"uv":[1.0,5.625,0.875,5.5625],"rotation":0,"texture":"#0","tintindex":0},"down":{"uv":[4.9375,6.4375,4.8125,6.5],"rotation":0,"texture":"#0","tintindex":0}}},{"from":[8.359438,4.092141,5.3477006],"to":[9.502295,5.234998,5.919129],"rotation":{"angle":0.0,"axis":"y","origin":[12.930866,-19.765003,16.061987]},"faces":{"east":{"uv":[7.375,0.25,7.4375,0.375],"rotation":0,"texture":"#0","tintindex":0},"south":{"uv":[7.3125,7.0,7.4375,7.125],"rotation":0,"texture":"#0","tintindex":0},"north":{"uv":[6.3125,1.125,6.4375,1.25],"rotation":0,"texture":"#0","tintindex":0},"west":{"uv":[1.125,7.6875,1.1875,7.8125],"rotation":0,"texture":"#0","tintindex":0},"up":{"uv":[5.8125,6.75,5.6875,6.6875],"rotation":0,"texture":"#0","tintindex":0},"down":{"uv":[0.5625,6.75,0.4375,6.8125],"rotation":0,"texture":"#0","tintindex":0}}},{"from":[8.359438,4.092141,9.919129],"to":[9.502295,5.234998,10.490558],"rotation":{"angle":0.0,"axis":"y","origin":[12.930866,-19.765003,16.061987]},"faces":{"east":{"uv":[1.125,8.0,1.1875,8.125],"rotation":0,"texture":"#0","tintindex":0},"south":{"uv":[3.5,7.875,3.625,8.0],"rotation":0,"texture":"#0","tintindex":0},"north":{"uv":[7.375,5.25,7.5,5.375],"rotation":0,"texture":"#0","tintindex":0},"west":{"uv":[1.1875,8.0,1.25,8.125],"rotation":0,"texture":"#0","tintindex":0},"up":{"uv":[1.3125,7.5,1.1875,7.4375],"rotation":0,"texture":"#0","tintindex":0},"down":{"uv":[7.5625,3.9375,7.4375,4.0],"rotation":0,"texture":"#0","tintindex":0}}},{"from":[6.3594375,4.092141,9.919129],"to":[7.502295,5.234998,10.490558],"rotation":{"angle":0.0,"axis":"y","origin":[12.930866,-19.765003,16.061987]},"faces":{"east":{"uv":[1.25,8.0,1.3125,8.125],"rotation":0,"texture":"#0","tintindex":0},"south":{"uv":[3.75,7.875,3.875,8.0],"rotation":0,"texture":"#0","tintindex":0},"north":{"uv":[3.625,7.875,3.75,8.0],"rotation":0,"texture":"#0","tintindex":0},"west":{"uv":[8.0,1.6875,8.0625,1.8125],"rotation":0,"texture":"#0","tintindex":0},"up":{"uv":[4.125,7.5,4.0,7.4375],"rotation":0,"texture":"#0","tintindex":0},"down":{"uv":[1.5625,7.5,1.4375,7.5625],"rotation":0,"texture":"#0","tintindex":0}}},{"from":[5.5022945,4.092141,8.490558],"to":[6.0737233,5.234998,9.633415],"rotation":{"angle":0.0,"axis":"y","origin":[12.930866,-19.765003,16.061987]},"faces":{"east":{"uv":[3.875,7.875,4.0,8.0],"rotation":0,"texture":"#0","tintindex":0},"south":{"uv":[2.0625,8.0,2.125,8.125],"rotation":0,"texture":"#0","tintindex":0},"north":{"uv":[8.0,1.8125,8.0625,1.9375],"rotation":0,"texture":"#0","tintindex":0},"west":{"uv":[5.625,7.875,5.75,8.0],"rotation":0,"texture":"#0","tintindex":0},"up":{"uv":[2.1875,8.125,2.125,8.0],"rotation":0,"texture":"#0","tintindex":0},"down":{"uv":[8.0625,2.125,8.0,2.25],"rotation":0,"texture":"#0","tintindex":0}}},{"from":[10.073724,4.092141,8.490558],"to":[10.645152,5.234998,9.633415],"rotation":{"angle":0.0,"axis":"y","origin":[12.930866,-19.765003,16.061987]},"faces":{"east":{"uv":[5.75,7.875,5.875,8.0],"rotation":0,"texture":"#0","tintindex":0},"south":{"uv":[2.25,8.0,2.3125,8.125],"rotation":0,"texture":"#0","tintindex":0},"north":{"uv":[2.1875,8.0,2.25,8.125],"rotation":0,"texture":"#0","tintindex":0},"west":{"uv":[5.875,7.875,6.0,8.0],"rotation":0,"texture":"#0","tintindex":0},"up":{"uv":[2.375,8.125,2.3125,8.0],"rotation":0,"texture":"#0","tintindex":0},"down":{"uv":[2.4375,8.0,2.375,8.125],"rotation":0,"texture":"#0","tintindex":0}}},{"from":[10.073724,4.092141,6.2048435],"to":[10.645152,5.234998,7.3477006],"rotation":{"angle":0.0,"axis":"y","origin":[12.930866,-19.765003,16.061987]},"faces":{"east":{"uv":[6.0,7.875,6.125,8.0],"rotation":0,"texture":"#0","tintindex":0},"south":{"uv":[2.5,8.0,2.5625,8.125],"rotation":0,"texture":"#0","tintindex":0},"north":{"uv":[2.4375,8.0,2.5,8.125],"rotation":0,"texture":"#0","tintindex":0},"west":{"uv":[7.875,6.5625,8.0,6.6875],"rotation":0,"texture":"#0","tintindex":0},"up":{"uv":[2.625,8.125,2.5625,8.0],"rotation":0,"texture":"#0","tintindex":0},"down":{"uv":[2.6875,8.0,2.625,8.125],"rotation":0,"texture":"#0","tintindex":0}}},{"from":[6.54848,0.01452589,6.061986],"to":[9.405623,3.5859547,8.919129],"rotation":{"angle":-22.5,"axis":"x","origin":[8.977052,4.014526,7.9191294]},"faces":{"east":{"uv":[7.0,6.75,7.3125,7.125],"rotation":0,"texture":"#0","tintindex":0},"south":{"uv":[7.0625,0.0,7.375,0.375],"rotation":0,"texture":"#0","tintindex":0},"north":{"uv":[6.375,7.0,6.6875,7.375],"rotation":0,"texture":"#0","tintindex":0},"west":{"uv":[0.3125,7.0625,0.625,7.4375],"rotation":0,"texture":"#0","tintindex":0},"up":{"uv":[7.6875,4.9375,7.375,4.625],"rotation":0,"texture":"#0","tintindex":0},"down":{"uv":[5.0,7.375,4.6875,7.6875],"rotation":0,"texture":"#0","tintindex":0}}},{"from":[6.788009,-0.90785885,6.061986],"to":[9.073724,1.3778553,8.061986],"rotation":{"angle":-22.5,"axis":"x","origin":[8.645152,2.949284,7.9191294]},"faces":{"east":{"uv":[7.625,3.3125,7.875,3.5625],"rotation":0,"texture":"#0","tintindex":0},"south":{"uv":[7.4375,7.625,7.6875,7.875],"rotation":0,"texture":"#0","tintindex":0},"north":{"uv":[7.5625,2.125,7.8125,2.375],"rotation":0,"texture":"#0","tintindex":0},"west":{"uv":[0.875,7.6875,1.125,7.9375],"rotation":0,"texture":"#0","tintindex":0},"up":{"uv":[7.9375,2.625,7.6875,2.375],"rotation":0,"texture":"#0","tintindex":0},"down":{"uv":[7.9375,3.5625,7.6875,3.8125],"rotation":0,"texture":"#0","tintindex":0}}}],"display":{"head":{"translation":[0.0,-6.4,0.0],"scale":[4.0,4.0,4.0]}}}