{"textures":{"0":"modelengine:entity/toro_queenbee"},"elements":[{"from":[7.714286,7.714286,7.0],"to":[8.285714,12.285715,7.5714283],"rotation":{"angle":-22.5,"axis":"x","origin":[8.857143,10.0,7.5714283]},"faces":{"east":{"uv":[5.5625,7.6875,5.625,8.1875],"rotation":0,"texture":"#0","tintindex":0},"south":{"uv":[4.625,7.75,4.6875,8.25],"rotation":0,"texture":"#0","tintindex":0},"north":{"uv":[3.25,3.75,3.3125,4.25],"rotation":0,"texture":"#0","tintindex":0},"west":{"uv":[7.3125,7.75,7.375,8.25],"rotation":0,"texture":"#0","tintindex":0},"up":{"uv":[3.125,1.5625,3.0625,1.5],"rotation":0,"texture":"#0","tintindex":0},"down":{"uv":[1.875,5.625,1.8125,5.6875],"rotation":0,"texture":"#0","tintindex":0}}},{"from":[7.428571,11.571428,7.428571],"to":[8.571428,16.142857,8.571428],"rotation":{"angle":-45.0,"axis":"x","origin":[8.857143,10.0,7.5714283]},"faces":{"east":{"uv":[2.75,4.875,2.875,5.375],"rotation":0,"texture":"#0","tintindex":0},"south":{"uv":[2.75,5.375,2.875,5.875],"rotation":0,"texture":"#0","tintindex":0},"north":{"uv":[0.875,4.875,1.0,5.375],"rotation":0,"texture":"#0","tintindex":0},"west":{"uv":[0.4375,6.25,0.5625,6.75],"rotation":0,"texture":"#0","tintindex":0},"up":{"uv":[8.0625,5.4375,7.9375,5.3125],"rotation":0,"texture":"#0","tintindex":0},"down":{"uv":[8.0625,5.4375,7.9375,5.5625],"rotation":0,"texture":"#0","tintindex":0}}}],"display":{"head":{"translation":[0.0,-6.4,0.0],"scale":[4.0,4.0,4.0]}}}