{"textures":{"0":"modelengine:entity/toro_queenbee"},"elements":[{"from":[5.926276,2.3778553,5.919129],"to":[9.926277,8.092141,9.919129],"rotation":{"angle":0.0,"axis":"y","origin":[3.0691338,-19.765003,16.061987]},"faces":{"east":{"uv":[3.5,6.125,3.9375,6.75],"rotation":0,"texture":"#0","tintindex":0},"south":{"uv":[3.9375,6.125,4.375,6.75],"rotation":0,"texture":"#0","tintindex":0},"north":{"uv":[1.8125,6.0625,2.25,6.6875],"rotation":0,"texture":"#0","tintindex":0},"west":{"uv":[4.375,6.125,4.8125,6.75],"rotation":0,"texture":"#0","tintindex":0},"up":{"uv":[3.125,6.9375,2.6875,6.5],"rotation":0,"texture":"#0","tintindex":0},"down":{"uv":[5.25,6.5,4.8125,6.9375],"rotation":0,"texture":"#0","tintindex":0}}},{"from":[9.497705,1.9492841,7.0619864],"to":[10.640562,5.949284,8.776272],"rotation":{"angle":0.0,"axis":"y","origin":[3.0691338,-19.765003,16.061987]},"faces":{"east":{"uv":[3.0625,7.4375,3.25,7.875],"rotation":0,"texture":"#0","tintindex":0},"south":{"uv":[6.125,7.75,6.25,8.1875],"rotation":0,"texture":"#0","tintindex":0},"north":{"uv":[4.5,7.75,4.625,8.1875],"rotation":0,"texture":"#0","tintindex":0},"west":{"uv":[7.4375,3.1875,7.625,3.625],"rotation":0,"texture":"#0","tintindex":0},"up":{"uv":[6.25,5.0625,6.125,4.875],"rotation":0,"texture":"#0","tintindex":0},"down":{"uv":[5.8125,6.5,5.6875,6.6875],"rotation":0,"texture":"#0","tintindex":0}}},{"from":[6.737234,-0.41404533,6.061986],"to":[9.5943775,3.5859547,8.919129],"rotation":{"angle":-22.5,"axis":"z","origin":[7.0229483,4.014526,7.9191294]},"faces":{"east":{"uv":[6.875,1.3125,7.1875,1.75],"rotation":0,"texture":"#0","tintindex":0},"south":{"uv":[6.875,1.75,7.1875,2.1875],"rotation":0,"texture":"#0","tintindex":0},"north":{"uv":[6.875,0.875,7.1875,1.3125],"rotation":0,"texture":"#0","tintindex":0},"west":{"uv":[2.25,6.9375,2.5625,7.375],"rotation":0,"texture":"#0","tintindex":0},"up":{"uv":[0.5625,7.75,0.25,7.4375],"rotation":0,"texture":"#0","tintindex":0},"down":{"uv":[7.75,0.25,7.4375,0.5625],"rotation":0,"texture":"#0","tintindex":0}}},{"from":[6.497705,-1.4792881,5.6334147],"to":[8.78342,1.0921412,7.6334147],"rotation":{"angle":-22.5,"axis":"z","origin":[7.354848,2.949284,7.9191294]},"faces":{"east":{"uv":[7.4375,6.25,7.6875,6.5625],"rotation":0,"texture":"#0","tintindex":0},"south":{"uv":[6.6875,7.4375,6.9375,7.75],"rotation":0,"texture":"#0","tintindex":0},"north":{"uv":[7.4375,5.9375,7.6875,6.25],"rotation":0,"texture":"#0","tintindex":0},"west":{"uv":[6.9375,7.4375,7.1875,7.75],"rotation":0,"texture":"#0","tintindex":0},"up":{"uv":[7.9375,6.5625,7.6875,6.3125],"rotation":0,"texture":"#0","tintindex":0},"down":{"uv":[6.625,7.6875,6.375,7.9375],"rotation":0,"texture":"#0","tintindex":0}}}],"display":{"head":{"translation":[0.0,-6.4,0.0],"scale":[4.0,4.0,4.0]}}}