{"textures":{"0":"modelengine:entity/toro_queenbee"},"elements":[{"from":[5.926276,2.3778553,5.919129],"to":[9.926277,8.092141,9.919129],"rotation":{"angle":0.0,"axis":"y","origin":[3.0691338,-19.765003,16.061987]},"faces":{"east":{"uv":[3.0625,5.875,3.5,6.5],"rotation":0,"texture":"#0","tintindex":0},"south":{"uv":[5.875,4.25,6.3125,4.875],"rotation":0,"texture":"#0","tintindex":0},"north":{"uv":[2.625,5.875,3.0625,6.5],"rotation":0,"texture":"#0","tintindex":0},"west":{"uv":[4.9375,5.875,5.375,6.5],"rotation":0,"texture":"#0","tintindex":0},"up":{"uv":[6.875,1.5625,6.4375,1.125],"rotation":0,"texture":"#0","tintindex":0},"down":{"uv":[6.875,1.5625,6.4375,2.0],"rotation":0,"texture":"#0","tintindex":0}}},{"from":[9.926277,4.092141,6.2048435],"to":[10.497705,5.234998,7.3477006],"rotation":{"angle":0.0,"axis":"y","origin":[3.0691338,-19.765003,16.061987]},"faces":{"east":{"uv":[7.875,6.6875,8.0,6.8125],"rotation":0,"texture":"#0","tintindex":0},"south":{"uv":[2.75,8.0,2.8125,8.125],"rotation":0,"texture":"#0","tintindex":0},"north":{"uv":[2.6875,8.0,2.75,8.125],"rotation":0,"texture":"#0","tintindex":0},"west":{"uv":[7.875,6.8125,8.0,6.9375],"rotation":0,"texture":"#0","tintindex":0},"up":{"uv":[8.0625,3.3125,8.0,3.1875],"rotation":0,"texture":"#0","tintindex":0},"down":{"uv":[8.0625,3.3125,8.0,3.4375],"rotation":0,"texture":"#0","tintindex":0}}},{"from":[8.497705,4.092141,5.3477006],"to":[9.640562,5.234998,5.919129],"rotation":{"angle":0.0,"axis":"y","origin":[3.0691338,-19.765003,16.061987]},"faces":{"east":{"uv":[8.0,3.4375,8.0625,3.5625],"rotation":0,"texture":"#0","tintindex":0},"south":{"uv":[7.5625,7.875,7.6875,8.0],"rotation":0,"texture":"#0","tintindex":0},"north":{"uv":[7.4375,7.875,7.5625,8.0],"rotation":0,"texture":"#0","tintindex":0},"west":{"uv":[3.5,8.0,3.5625,8.125],"rotation":0,"texture":"#0","tintindex":0},"up":{"uv":[7.625,5.625,7.5,5.5625],"rotation":0,"texture":"#0","tintindex":0},"down":{"uv":[1.8125,7.5625,1.6875,7.625],"rotation":0,"texture":"#0","tintindex":0}}},{"from":[6.497705,4.092141,5.3477006],"to":[7.640562,5.234998,5.919129],"rotation":{"angle":0.0,"axis":"y","origin":[3.0691338,-19.765003,16.061987]},"faces":{"east":{"uv":[3.5625,8.0,3.625,8.125],"rotation":0,"texture":"#0","tintindex":0},"south":{"uv":[7.875,7.875,8.0,8.0],"rotation":0,"texture":"#0","tintindex":0},"north":{"uv":[7.875,7.75,8.0,7.875],"rotation":0,"texture":"#0","tintindex":0},"west":{"uv":[3.625,8.0,3.6875,8.125],"rotation":0,"texture":"#0","tintindex":0},"up":{"uv":[7.6875,4.625,7.5625,4.5625],"rotation":0,"texture":"#0","tintindex":0},"down":{"uv":[7.875,5.5,7.75,5.5625],"rotation":0,"texture":"#0","tintindex":0}}},{"from":[6.497705,4.092141,9.919129],"to":[7.640562,5.234998,10.490558],"rotation":{"angle":0.0,"axis":"y","origin":[3.0691338,-19.765003,16.061987]},"faces":{"east":{"uv":[3.6875,8.0,3.75,8.125],"rotation":0,"texture":"#0","tintindex":0},"south":{"uv":[1.0,7.9375,1.125,8.0625],"rotation":0,"texture":"#0","tintindex":0},"north":{"uv":[0.875,7.9375,1.0,8.0625],"rotation":0,"texture":"#0","tintindex":0},"west":{"uv":[3.75,8.0,3.8125,8.125],"rotation":0,"texture":"#0","tintindex":0},"up":{"uv":[7.9375,0.25,7.8125,0.1875],"rotation":0,"texture":"#0","tintindex":0},"down":{"uv":[1.4375,7.8125,1.3125,7.875],"rotation":0,"texture":"#0","tintindex":0}}},{"from":[8.497705,4.092141,9.919129],"to":[9.640562,5.234998,10.490558],"rotation":{"angle":0.0,"axis":"y","origin":[3.0691338,-19.765003,16.061987]},"faces":{"east":{"uv":[3.8125,8.0,3.875,8.125],"rotation":0,"texture":"#0","tintindex":0},"south":{"uv":[1.8125,7.9375,1.9375,8.0625],"rotation":0,"texture":"#0","tintindex":0},"north":{"uv":[1.6875,7.9375,1.8125,8.0625],"rotation":0,"texture":"#0","tintindex":0},"west":{"uv":[3.875,8.0,3.9375,8.125],"rotation":0,"texture":"#0","tintindex":0},"up":{"uv":[7.9375,2.375,7.8125,2.3125],"rotation":0,"texture":"#0","tintindex":0},"down":{"uv":[7.9375,4.5,7.8125,4.5625],"rotation":0,"texture":"#0","tintindex":0}}},{"from":[9.926277,4.092141,8.490558],"to":[10.497705,5.234998,9.633415],"rotation":{"angle":0.0,"axis":"y","origin":[3.0691338,-19.765003,16.061987]},"faces":{"east":{"uv":[7.9375,2.3125,8.0625,2.4375],"rotation":0,"texture":"#0","tintindex":0},"south":{"uv":[8.0,3.9375,8.0625,4.0625],"rotation":0,"texture":"#0","tintindex":0},"north":{"uv":[3.9375,8.0,4.0,8.125],"rotation":0,"texture":"#0","tintindex":0},"west":{"uv":[7.9375,2.4375,8.0625,2.5625],"rotation":0,"texture":"#0","tintindex":0},"up":{"uv":[4.0625,8.125,4.0,8.0],"rotation":0,"texture":"#0","tintindex":0},"down":{"uv":[4.125,8.0,4.0625,8.125],"rotation":0,"texture":"#0","tintindex":0}}},{"from":[5.354848,4.092141,8.490558],"to":[5.926276,5.234998,9.633415],"rotation":{"angle":0.0,"axis":"y","origin":[3.0691338,-19.765003,16.061987]},"faces":{"east":{"uv":[7.9375,2.6875,8.0625,2.8125],"rotation":0,"texture":"#0","tintindex":0},"south":{"uv":[4.125,8.0,4.1875,8.125],"rotation":0,"texture":"#0","tintindex":0},"north":{"uv":[8.0,4.0625,8.0625,4.1875],"rotation":0,"texture":"#0","tintindex":0},"west":{"uv":[7.9375,2.8125,8.0625,2.9375],"rotation":0,"texture":"#0","tintindex":0},"up":{"uv":[8.0625,4.3125,8.0,4.1875],"rotation":0,"texture":"#0","tintindex":0},"down":{"uv":[4.3125,8.0,4.25,8.125],"rotation":0,"texture":"#0","tintindex":0}}},{"from":[5.354848,4.092141,6.2048435],"to":[5.926276,5.234998,7.3477006],"rotation":{"angle":0.0,"axis":"y","origin":[3.0691338,-19.765003,16.061987]},"faces":{"east":{"uv":[7.9375,2.9375,8.0625,3.0625],"rotation":0,"texture":"#0","tintindex":0},"south":{"uv":[8.0,4.3125,8.0625,4.4375],"rotation":0,"texture":"#0","tintindex":0},"north":{"uv":[4.3125,8.0,4.375,8.125],"rotation":0,"texture":"#0","tintindex":0},"west":{"uv":[7.9375,3.0625,8.0625,3.1875],"rotation":0,"texture":"#0","tintindex":0},"up":{"uv":[5.6875,8.125,5.625,8.0],"rotation":0,"texture":"#0","tintindex":0},"down":{"uv":[5.75,8.0,5.6875,8.125],"rotation":0,"texture":"#0","tintindex":0}}},{"from":[6.594377,0.01452589,6.061986],"to":[9.45152,3.5859547,8.919129],"rotation":{"angle":-22.5,"axis":"x","origin":[7.0229483,4.014526,7.9191294]},"faces":{"east":{"uv":[7.0625,2.875,7.375,3.25],"rotation":0,"texture":"#0","tintindex":0},"south":{"uv":[7.0625,4.625,7.375,5.0],"rotation":0,"texture":"#0","tintindex":0},"north":{"uv":[0.625,7.0625,0.9375,7.4375],"rotation":0,"texture":"#0","tintindex":0},"west":{"uv":[7.0625,5.0,7.375,5.375],"rotation":0,"texture":"#0","tintindex":0},"up":{"uv":[7.6875,5.25,7.375,4.9375],"rotation":0,"texture":"#0","tintindex":0},"down":{"uv":[5.3125,7.375,5.0,7.6875],"rotation":0,"texture":"#0","tintindex":0}}},{"from":[6.9262767,-0.90785885,6.061986],"to":[9.211991,1.3778553,8.061986],"rotation":{"angle":-22.5,"axis":"x","origin":[7.354848,2.949284,7.9191294]},"faces":{"east":{"uv":[4.6875,7.6875,4.9375,7.9375],"rotation":0,"texture":"#0","tintindex":0},"south":{"uv":[7.6875,4.8125,7.9375,5.0625],"rotation":0,"texture":"#0","tintindex":0},"north":{"uv":[7.6875,4.5625,7.9375,4.8125],"rotation":0,"texture":"#0","tintindex":0},"west":{"uv":[4.9375,7.6875,5.1875,7.9375],"rotation":0,"texture":"#0","tintindex":0},"up":{"uv":[5.4375,7.9375,5.1875,7.6875],"rotation":0,"texture":"#0","tintindex":0},"down":{"uv":[7.9375,5.5625,7.6875,5.8125],"rotation":0,"texture":"#0","tintindex":0}}}],"display":{"head":{"translation":[0.0,-6.4,0.0],"scale":[4.0,4.0,4.0]}}}