{"textures":{"0":"modelengine:entity/toro_queenbee"},"elements":[{"from":[4.285714,4.930674,7.163162],"to":[11.142858,11.787817,12.877448],"rotation":{"angle":0.0,"axis":"y","origin":[7.714286,4.216388,13.734591]},"faces":{"east":{"uv":[5.1875,3.25,5.8125,4.0],"rotation":0,"texture":"#0","tintindex":0},"south":{"uv":[5.1875,2.5,5.9375,3.25],"rotation":0,"texture":"#0","tintindex":0},"north":{"uv":[3.5625,4.625,4.3125,5.375],"rotation":0,"texture":"#0","tintindex":0},"west":{"uv":[3.5625,5.375,4.1875,6.125],"rotation":0,"texture":"#0","tintindex":0},"up":{"uv":[6.1875,0.625,5.4375,0.0],"rotation":0,"texture":"#0","tintindex":0},"down":{"uv":[4.9375,5.5,4.1875,6.125],"rotation":0,"texture":"#0","tintindex":0}}},{"from":[5.428571,6.073531,12.877448],"to":[10.0,10.64496,14.020306],"rotation":{"angle":0.0,"axis":"y","origin":[7.714286,4.216388,13.734591]},"faces":{"east":{"uv":[7.75,0.75,7.875,1.25],"rotation":0,"texture":"#0","tintindex":0},"south":{"uv":[6.3125,0.625,6.8125,1.125],"rotation":0,"texture":"#0","tintindex":0},"north":{"uv":[2.375,1.0625,2.875,1.5625],"rotation":0,"texture":"#0","tintindex":0},"west":{"uv":[7.75,1.25,7.875,1.75],"rotation":0,"texture":"#0","tintindex":0},"up":{"uv":[8.1875,3.9375,7.6875,3.8125],"rotation":0,"texture":"#0","tintindex":0},"down":{"uv":[8.1875,5.0625,7.6875,5.1875],"rotation":0,"texture":"#0","tintindex":0}}},{"from":[6.0,6.64496,14.020306],"to":[9.428572,10.073531,16.877449],"rotation":{"angle":0.0,"axis":"y","origin":[7.714286,4.216388,13.734591]},"faces":{"east":{"uv":[7.125,3.625,7.4375,4.0],"rotation":0,"texture":"#0","tintindex":0},"south":{"uv":[4.125,6.75,4.5,7.125],"rotation":0,"texture":"#0","tintindex":0},"north":{"uv":[2.25,6.0625,2.625,6.4375],"rotation":0,"texture":"#0","tintindex":0},"west":{"uv":[4.125,7.125,4.4375,7.5],"rotation":0,"texture":"#0","tintindex":0},"up":{"uv":[7.0625,7.4375,6.6875,7.125],"rotation":0,"texture":"#0","tintindex":0},"down":{"uv":[7.4375,7.125,7.0625,7.4375],"rotation":0,"texture":"#0","tintindex":0}}}],"display":{"head":{"translation":[0.0,-6.4,0.0],"scale":[4.0,4.0,4.0]}}}