{"textures":{"0":"modelengine:entity/toro_queenbee"},"elements":[{"from":[2.5714283,3.6666665,0.85714245],"to":[13.428572,13.380953,15.142858],"rotation":{"angle":0.0,"axis":"y","origin":[6.5714283,-11.190475,-3.7142859]},"faces":{"east":{"uv":[0.0,1.5625,1.5625,2.625],"rotation":0,"texture":"#0","tintindex":0},"south":{"uv":[0.0,2.625,1.1875,3.6875],"rotation":0,"texture":"#0","tintindex":0},"north":{"uv":[2.375,0.0,3.5625,1.0625],"rotation":0,"texture":"#0","tintindex":0},"west":{"uv":[1.5625,1.5625,3.125,2.625],"rotation":0,"texture":"#0","tintindex":0},"up":{"uv":[1.1875,1.5625,0.0,0.0],"rotation":0,"texture":"#0","tintindex":0},"down":{"uv":[2.375,0.0,1.1875,1.5625],"rotation":0,"texture":"#0","tintindex":0}}},{"from":[1.9999995,3.0952382,-1.4285717],"to":[4.285714,7.095238,0.85714245],"rotation":{"angle":0.0,"axis":"y","origin":[6.5714283,-11.190475,-3.7142859]},"faces":{"east":{"uv":[1.625,7.125,1.875,7.5625],"rotation":0,"texture":"#0","tintindex":0},"south":{"uv":[7.1875,0.75,7.4375,1.1875],"rotation":0,"texture":"#0","tintindex":0},"north":{"uv":[2.875,1.0625,3.125,1.5],"rotation":0,"texture":"#0","tintindex":0},"west":{"uv":[7.1875,1.1875,7.4375,1.625],"rotation":0,"texture":"#0","tintindex":0},"up":{"uv":[0.5,8.0,0.25,7.75],"rotation":0,"texture":"#0","tintindex":0},"down":{"uv":[8.0,0.25,7.75,0.5],"rotation":0,"texture":"#0","tintindex":0}}},{"from":[3.142857,7.095238,-0.2857151],"to":[4.285714,7.952381,0.85714245],"rotation":{"angle":0.0,"axis":"y","origin":[6.5714283,-11.190475,-3.7142859]},"faces":{"east":{"uv":[7.9375,3.6875,8.0625,3.8125],"rotation":0,"texture":"#0","tintindex":0},"south":{"uv":[7.9375,4.5,8.0625,4.625],"rotation":0,"texture":"#0","tintindex":0},"north":{"uv":[7.9375,3.5625,8.0625,3.6875],"rotation":0,"texture":"#0","tintindex":0},"west":{"uv":[7.9375,4.625,8.0625,4.75],"rotation":0,"texture":"#0","tintindex":0},"up":{"uv":[4.8125,8.0625,4.6875,7.9375],"rotation":0,"texture":"#0","tintindex":0},"down":{"uv":[8.0625,4.75,7.9375,4.875],"rotation":0,"texture":"#0","tintindex":0}}},{"from":[11.714286,7.095238,-0.2857151],"to":[12.857143,7.952381,0.85714245],"rotation":{"angle":0.0,"axis":"y","origin":[9.428572,-11.190475,-3.7142859]},"faces":{"east":{"uv":[7.9375,4.875,8.0625,5.0],"rotation":0,"texture":"#0","tintindex":0},"south":{"uv":[4.9375,7.9375,5.0625,8.0625],"rotation":0,"texture":"#0","tintindex":0},"north":{"uv":[4.8125,7.9375,4.9375,8.0625],"rotation":0,"texture":"#0","tintindex":0},"west":{"uv":[5.0625,7.9375,5.1875,8.0625],"rotation":0,"texture":"#0","tintindex":0},"up":{"uv":[5.3125,8.0625,5.1875,7.9375],"rotation":0,"texture":"#0","tintindex":0},"down":{"uv":[5.4375,7.9375,5.3125,8.0625],"rotation":0,"texture":"#0","tintindex":0}}},{"from":[11.714286,3.0952382,-1.4285717],"to":[14.0,7.095238,0.85714245],"rotation":{"angle":0.0,"axis":"y","origin":[9.428572,-11.190475,-3.7142859]},"faces":{"east":{"uv":[1.875,7.1875,2.125,7.625],"rotation":0,"texture":"#0","tintindex":0},"south":{"uv":[0.9375,7.25,1.1875,7.6875],"rotation":0,"texture":"#0","tintindex":0},"north":{"uv":[7.1875,1.625,7.4375,2.0625],"rotation":0,"texture":"#0","tintindex":0},"west":{"uv":[0.0,7.3125,0.25,7.75],"rotation":0,"texture":"#0","tintindex":0},"up":{"uv":[0.75,8.0,0.5,7.75],"rotation":0,"texture":"#0","tintindex":0},"down":{"uv":[8.0,0.5,7.75,0.75],"rotation":0,"texture":"#0","tintindex":0}}},{"from":[4.8571424,13.380953,1.9999995],"to":[11.142858,15.095239,13.428572],"rotation":{"angle":0.0,"axis":"y","origin":[6.5714283,-11.190475,-3.7142859]},"faces":{"east":{"uv":[6.3125,4.25,7.5625,4.4375],"rotation":0,"texture":"#0","tintindex":0},"south":{"uv":[7.0,6.5625,7.6875,6.75],"rotation":0,"texture":"#0","tintindex":0},"north":{"uv":[6.875,2.1875,7.5625,2.375],"rotation":0,"texture":"#0","tintindex":0},"west":{"uv":[6.3125,4.4375,7.5625,4.625],"rotation":0,"texture":"#0","tintindex":0},"up":{"uv":[5.0,5.5,4.3125,4.25],"rotation":0,"texture":"#0","tintindex":0},"down":{"uv":[3.5625,4.625,2.875,5.875],"rotation":0,"texture":"#0","tintindex":0}}}],"display":{"head":{"translation":[0.0,-6.4,0.0],"scale":[4.0,4.0,4.0]}}}