{"textures":{"0":"modelengine:entity/toro_queenbee"},"elements":[{"from":[5.142857,6.0,7.5238094],"to":[5.714286,8.285714,11.523809],"rotation":{"angle":0.0,"axis":"y","origin":[8.0,-18.000002,9.238095]},"faces":{"east":{"uv":[5.4375,0.625,5.875,0.875],"rotation":0,"texture":"#0","tintindex":0},"south":{"uv":[4.9375,5.5,5.0,5.75],"rotation":0,"texture":"#0","tintindex":0},"north":{"uv":[3.25,4.25,3.3125,4.5],"rotation":0,"texture":"#0","tintindex":0},"west":{"uv":[7.0625,5.375,7.5,5.625],"rotation":0,"texture":"#0","tintindex":0},"up":{"uv":[2.9375,8.3125,2.875,7.875],"rotation":0,"texture":"#0","tintindex":0},"down":{"uv":[3.0,7.875,2.9375,8.3125],"rotation":0,"texture":"#0","tintindex":0}}},{"from":[10.285714,6.0,7.5238094],"to":[10.857143,8.285714,11.523809],"rotation":{"angle":0.0,"axis":"y","origin":[8.0,-18.000002,9.238095]},"faces":{"east":{"uv":[7.125,4.0,7.5625,4.25],"rotation":0,"texture":"#0","tintindex":0},"south":{"uv":[1.75,6.4375,1.8125,6.6875],"rotation":0,"texture":"#0","tintindex":0},"north":{"uv":[3.5,5.875,3.5625,6.125],"rotation":0,"texture":"#0","tintindex":0},"west":{"uv":[5.6875,7.3125,6.125,7.5625],"rotation":0,"texture":"#0","tintindex":0},"up":{"uv":[3.0625,8.3125,3.0,7.875],"rotation":0,"texture":"#0","tintindex":0},"down":{"uv":[3.125,7.875,3.0625,8.3125],"rotation":0,"texture":"#0","tintindex":0}}},{"from":[5.142857,6.0,6.952381],"to":[10.857143,8.285714,7.5238094],"rotation":{"angle":0.0,"axis":"y","origin":[8.0,-18.000002,9.238095]},"faces":{"east":{"uv":[6.625,3.375,6.6875,3.625],"rotation":0,"texture":"#0","tintindex":0},"south":{"uv":[3.5,6.75,4.125,7.0],"rotation":0,"texture":"#0","tintindex":0},"north":{"uv":[5.1875,4.0,5.8125,4.25],"rotation":0,"texture":"#0","tintindex":0},"west":{"uv":[6.625,4.625,6.6875,4.875],"rotation":0,"texture":"#0","tintindex":0},"up":{"uv":[8.3125,2.6875,7.6875,2.625],"rotation":0,"texture":"#0","tintindex":0},"down":{"uv":[8.375,2.0625,7.75,2.125],"rotation":0,"texture":"#0","tintindex":0}}},{"from":[7.428571,8.285714,6.952381],"to":[8.571428,9.428572,7.5238094],"rotation":{"angle":0.0,"axis":"y","origin":[8.0,-18.000002,9.238095]},"faces":{"east":{"uv":[5.75,8.0,5.8125,8.125],"rotation":0,"texture":"#0","tintindex":0},"south":{"uv":[7.9375,7.4375,8.0625,7.5625],"rotation":0,"texture":"#0","tintindex":0},"north":{"uv":[7.9375,7.3125,8.0625,7.4375],"rotation":0,"texture":"#0","tintindex":0},"west":{"uv":[5.8125,8.0,5.875,8.125],"rotation":0,"texture":"#0","tintindex":0},"up":{"uv":[8.0,1.75,7.875,1.6875],"rotation":0,"texture":"#0","tintindex":0},"down":{"uv":[8.0625,2.5625,7.9375,2.625],"rotation":0,"texture":"#0","tintindex":0}}},{"from":[9.714286,8.285714,6.952381],"to":[10.857143,9.428572,7.5238094],"rotation":{"angle":0.0,"axis":"y","origin":[8.0,-18.000002,9.238095]},"faces":{"east":{"uv":[5.875,8.0,5.9375,8.125],"rotation":0,"texture":"#0","tintindex":0},"south":{"uv":[7.6875,7.9375,7.8125,8.0625],"rotation":0,"texture":"#0","tintindex":0},"north":{"uv":[7.9375,7.5625,8.0625,7.6875],"rotation":0,"texture":"#0","tintindex":0},"west":{"uv":[5.9375,8.0,6.0,8.125],"rotation":0,"texture":"#0","tintindex":0},"up":{"uv":[8.0625,5.0625,7.9375,5.0],"rotation":0,"texture":"#0","tintindex":0},"down":{"uv":[8.0625,7.6875,7.9375,7.75],"rotation":0,"texture":"#0","tintindex":0}}},{"from":[5.142857,8.285714,6.952381],"to":[6.285714,9.428572,7.5238094],"rotation":{"angle":0.0,"axis":"y","origin":[8.0,-18.000002,9.238095]},"faces":{"east":{"uv":[6.0,8.0,6.0625,8.125],"rotation":0,"texture":"#0","tintindex":0},"south":{"uv":[8.0,0.0,8.125,0.125],"rotation":0,"texture":"#0","tintindex":0},"north":{"uv":[0.0,8.0,0.125,8.125],"rotation":0,"texture":"#0","tintindex":0},"west":{"uv":[6.0625,8.0,6.125,8.125],"rotation":0,"texture":"#0","tintindex":0},"up":{"uv":[8.125,0.75,8.0,0.6875],"rotation":0,"texture":"#0","tintindex":0},"down":{"uv":[8.125,2.25,8.0,2.3125],"rotation":0,"texture":"#0","tintindex":0}}}],"display":{"head":{"translation":[0.0,-6.4,0.0],"scale":[4.0,4.0,4.0]}}}