{"textures":{"0":"modelengine:entity/toro_queenbee"},"elements":[{"from":[3.4285712,1.1428566,5.142857],"to":[12.571428,12.0,14.285715],"rotation":{"angle":0.0,"axis":"y","origin":[8.0,7.714286,13.142858]},"faces":{"east":{"uv":[3.3125,2.25,4.3125,3.4375],"rotation":0,"texture":"#0","tintindex":0},"south":{"uv":[3.3125,3.4375,4.3125,4.625],"rotation":0,"texture":"#0","tintindex":0},"north":{"uv":[3.125,1.0625,4.125,2.25],"rotation":0,"texture":"#0","tintindex":0},"west":{"uv":[0.0,3.6875,1.0,4.875],"rotation":0,"texture":"#0","tintindex":0},"up":{"uv":[4.5625,1.0,3.5625,0.0],"rotation":0,"texture":"#0","tintindex":0},"down":{"uv":[2.0,3.75,1.0,4.75],"rotation":0,"texture":"#0","tintindex":0}}},{"from":[1.1428566,5.142857,9.142858],"to":[3.4285712,8.0,13.142858],"rotation":{"angle":0.0,"axis":"y","origin":[8.0,7.714286,13.142858]},"faces":{"east":{"uv":[7.0,5.625,7.4375,5.9375],"rotation":0,"texture":"#0","tintindex":0},"south":{"uv":[5.625,7.5625,5.875,7.875],"rotation":0,"texture":"#0","tintindex":0},"north":{"uv":[7.5625,4.25,7.8125,4.5625],"rotation":0,"texture":"#0","tintindex":0},"west":{"uv":[5.9375,7.0,6.375,7.3125],"rotation":0,"texture":"#0","tintindex":0},"up":{"uv":[4.6875,7.75,4.4375,7.3125],"rotation":0,"texture":"#0","tintindex":0},"down":{"uv":[6.375,7.3125,6.125,7.75],"rotation":0,"texture":"#0","tintindex":0}}},{"from":[12.571428,5.142857,9.142858],"to":[14.857143,8.0,13.142858],"rotation":{"angle":0.0,"axis":"y","origin":[8.0,7.714286,13.142858]},"faces":{"east":{"uv":[7.0,5.9375,7.4375,6.25],"rotation":0,"texture":"#0","tintindex":0},"south":{"uv":[1.6875,7.625,1.9375,7.9375],"rotation":0,"texture":"#0","tintindex":0},"north":{"uv":[5.875,7.5625,6.125,7.875],"rotation":0,"texture":"#0","tintindex":0},"west":{"uv":[7.0,6.25,7.4375,6.5625],"rotation":0,"texture":"#0","tintindex":0},"up":{"uv":[2.375,7.8125,2.125,7.375],"rotation":0,"texture":"#0","tintindex":0},"down":{"uv":[2.625,7.375,2.375,7.8125],"rotation":0,"texture":"#0","tintindex":0}}},{"from":[4.0,0.85714245,12.0],"to":[12.0,11.142858,21.714287],"rotation":{"angle":22.5,"axis":"x","origin":[8.0,7.714286,13.142858]},"faces":{"east":{"uv":[1.1875,2.625,2.25,3.75],"rotation":0,"texture":"#0","tintindex":0},"south":{"uv":[4.125,1.0,5.0,2.125],"rotation":0,"texture":"#0","tintindex":0},"north":{"uv":[2.0,3.75,2.875,4.875],"rotation":0,"texture":"#0","tintindex":0},"west":{"uv":[2.25,2.625,3.3125,3.75],"rotation":0,"texture":"#0","tintindex":0},"up":{"uv":[5.1875,3.1875,4.3125,2.125],"rotation":0,"texture":"#0","tintindex":0},"down":{"uv":[5.1875,3.1875,4.3125,4.25],"rotation":0,"texture":"#0","tintindex":0}}},{"from":[3.4285712,8.142858,16.57143],"to":[4.0,9.857143,18.285715],"rotation":{"angle":22.5,"axis":"x","origin":[8.0,7.714286,13.142858]},"faces":{"east":{"uv":[6.625,0.4375,6.8125,0.625],"rotation":0,"texture":"#0","tintindex":0},"south":{"uv":[6.8125,0.875,6.875,1.0625],"rotation":0,"texture":"#0","tintindex":0},"north":{"uv":[4.75,6.75,4.8125,6.9375],"rotation":0,"texture":"#0","tintindex":0},"west":{"uv":[7.75,5.3125,7.9375,5.5],"rotation":0,"texture":"#0","tintindex":0},"up":{"uv":[1.0,7.25,0.9375,7.0625],"rotation":0,"texture":"#0","tintindex":0},"down":{"uv":[4.5,7.125,4.4375,7.3125],"rotation":0,"texture":"#0","tintindex":0}}},{"from":[3.4285712,4.8571424,16.57143],"to":[4.0,6.5714283,18.285715],"rotation":{"angle":22.5,"axis":"x","origin":[8.0,7.714286,13.142858]},"faces":{"east":{"uv":[7.125,7.75,7.3125,7.9375],"rotation":0,"texture":"#0","tintindex":0},"south":{"uv":[0.875,7.4375,0.9375,7.625],"rotation":0,"texture":"#0","tintindex":0},"north":{"uv":[5.625,7.375,5.6875,7.5625],"rotation":0,"texture":"#0","tintindex":0},"west":{"uv":[7.6875,7.75,7.875,7.9375],"rotation":0,"texture":"#0","tintindex":0},"up":{"uv":[4.4375,7.6875,4.375,7.5],"rotation":0,"texture":"#0","tintindex":0},"down":{"uv":[2.125,7.625,2.0625,7.8125],"rotation":0,"texture":"#0","tintindex":0}}},{"from":[3.4285712,1.5714283,16.57143],"to":[4.0,3.2857141,18.285715],"rotation":{"angle":22.5,"axis":"x","origin":[8.0,7.714286,13.142858]},"faces":{"east":{"uv":[7.8125,0.0,8.0,0.1875],"rotation":0,"texture":"#0","tintindex":0},"south":{"uv":[7.25,7.9375,7.3125,8.125],"rotation":0,"texture":"#0","tintindex":0},"north":{"uv":[7.6875,6.5625,7.75,6.75],"rotation":0,"texture":"#0","tintindex":0},"west":{"uv":[1.125,7.8125,1.3125,8.0],"rotation":0,"texture":"#0","tintindex":0},"up":{"uv":[7.875,8.125,7.8125,7.9375],"rotation":0,"texture":"#0","tintindex":0},"down":{"uv":[0.1875,8.0,0.125,8.1875],"rotation":0,"texture":"#0","tintindex":0}}},{"from":[12.0,8.142858,16.57143],"to":[12.571428,9.857143,18.285715],"rotation":{"angle":22.5,"axis":"x","origin":[8.0,7.714286,13.142858]},"faces":{"east":{"uv":[2.0625,7.8125,2.25,8.0],"rotation":0,"texture":"#0","tintindex":0},"south":{"uv":[0.1875,8.0,0.25,8.1875],"rotation":0,"texture":"#0","tintindex":0},"north":{"uv":[8.0,0.125,8.0625,0.3125],"rotation":0,"texture":"#0","tintindex":0},"west":{"uv":[7.8125,2.125,8.0,2.3125],"rotation":0,"texture":"#0","tintindex":0},"up":{"uv":[0.3125,8.1875,0.25,8.0],"rotation":0,"texture":"#0","tintindex":0},"down":{"uv":[0.375,8.0,0.3125,8.1875],"rotation":0,"texture":"#0","tintindex":0}}},{"from":[12.0,4.8571424,16.57143],"to":[12.571428,6.5714283,18.285715],"rotation":{"angle":22.5,"axis":"x","origin":[8.0,7.714286,13.142858]},"faces":{"east":{"uv":[2.25,7.8125,2.4375,8.0],"rotation":0,"texture":"#0","tintindex":0},"south":{"uv":[0.375,8.0,0.4375,8.1875],"rotation":0,"texture":"#0","tintindex":0},"north":{"uv":[8.0,0.3125,8.0625,0.5],"rotation":0,"texture":"#0","tintindex":0},"west":{"uv":[2.4375,7.8125,2.625,8.0],"rotation":0,"texture":"#0","tintindex":0},"up":{"uv":[0.5,8.1875,0.4375,8.0],"rotation":0,"texture":"#0","tintindex":0},"down":{"uv":[0.5625,8.0,0.5,8.1875],"rotation":0,"texture":"#0","tintindex":0}}},{"from":[12.0,1.5714283,16.57143],"to":[12.571428,3.2857141,18.285715],"rotation":{"angle":22.5,"axis":"x","origin":[8.0,7.714286,13.142858]},"faces":{"east":{"uv":[2.625,7.8125,2.8125,8.0],"rotation":0,"texture":"#0","tintindex":0},"south":{"uv":[0.5625,8.0,0.625,8.1875],"rotation":0,"texture":"#0","tintindex":0},"north":{"uv":[8.0,0.5,8.0625,0.6875],"rotation":0,"texture":"#0","tintindex":0},"west":{"uv":[7.8125,3.9375,8.0,4.125],"rotation":0,"texture":"#0","tintindex":0},"up":{"uv":[0.6875,8.1875,0.625,8.0],"rotation":0,"texture":"#0","tintindex":0},"down":{"uv":[0.75,8.0,0.6875,8.1875],"rotation":0,"texture":"#0","tintindex":0}}},{"from":[9.285714,11.142858,16.57143],"to":[11.0,11.714286,18.285715],"rotation":{"angle":22.5,"axis":"x","origin":[8.0,7.714286,13.142858]},"faces":{"east":{"uv":[3.5625,1.0,3.75,1.0625],"rotation":0,"texture":"#0","tintindex":0},"south":{"uv":[1.0,3.6875,1.1875,3.75],"rotation":0,"texture":"#0","tintindex":0},"north":{"uv":[2.875,1.5,3.0625,1.5625],"rotation":0,"texture":"#0","tintindex":0},"west":{"uv":[3.75,1.0,3.9375,1.0625],"rotation":0,"texture":"#0","tintindex":0},"up":{"uv":[4.1875,8.0,4.0,7.8125],"rotation":0,"texture":"#0","tintindex":0},"down":{"uv":[8.0,4.125,7.8125,4.3125],"rotation":0,"texture":"#0","tintindex":0}}},{"from":[5.0,11.142858,16.57143],"to":[6.714286,11.714286,18.285715],"rotation":{"angle":22.5,"axis":"x","origin":[8.0,7.714286,13.142858]},"faces":{"east":{"uv":[2.875,4.5625,3.0625,4.625],"rotation":0,"texture":"#0","tintindex":0},"south":{"uv":[3.0625,4.5625,3.25,4.625],"rotation":0,"texture":"#0","tintindex":0},"north":{"uv":[3.9375,1.0,4.125,1.0625],"rotation":0,"texture":"#0","tintindex":0},"west":{"uv":[2.25,6.4375,2.4375,6.5],"rotation":0,"texture":"#0","tintindex":0},"up":{"uv":[8.0,4.5,7.8125,4.3125],"rotation":0,"texture":"#0","tintindex":0},"down":{"uv":[8.0625,0.75,7.875,0.9375],"rotation":0,"texture":"#0","tintindex":0}}},{"from":[9.285714,0.28571415,16.57143],"to":[11.0,0.85714245,18.285715],"rotation":{"angle":22.5,"axis":"x","origin":[8.0,7.714286,13.142858]},"faces":{"east":{"uv":[6.4375,2.4375,6.625,2.5],"rotation":0,"texture":"#0",