{"textures":{"0":"modelengine:entity/toro_queenbee"},"elements":[{"from":[6.737234,-0.41404533,6.061986],"to":[9.5943775,3.5859547,8.919129],"rotation":{"angle":-22.5,"axis":"z","origin":[7.0229483,4.014526,1.4905572]},"faces":{"east":{"uv":[0.3125,6.875,0.0,7.3125],"rotation":0,"texture":"#0","tintindex":0},"south":{"uv":[7.125,2.4375,6.8125,2.875],"rotation":0,"texture":"#0","tintindex":0},"north":{"uv":[7.125,0.4375,6.8125,0.875],"rotation":0,"texture":"#0","tintindex":0},"west":{"uv":[1.3125,6.8125,1.0,7.25],"rotation":0,"texture":"#0","tintindex":0},"up":{"uv":[5.3125,7.6875,5.625,7.375],"rotation":0,"texture":"#0","tintindex":0},"down":{"uv":[6.375,7.375,6.6875,7.6875],"rotation":0,"texture":"#0","tintindex":0}}},{"from":[6.497705,-1.4792881,5.6334147],"to":[8.78342,1.0921412,7.6334147],"rotation":{"angle":-22.5,"axis":"z","origin":[7.354848,2.949284,1.4905572]},"faces":{"east":{"uv":[7.6875,5.625,7.4375,5.9375],"rotation":0,"texture":"#0","tintindex":0},"south":{"uv":[7.6875,3.625,7.4375,3.9375],"rotation":0,"texture":"#0","tintindex":0},"north":{"uv":[6.625,2.9375,6.375,3.25],"rotation":0,"texture":"#0","tintindex":0},"west":{"uv":[7.6875,2.375,7.4375,2.6875],"rotation":0,"texture":"#0","tintindex":0},"up":{"uv":[7.6875,6.0625,7.9375,5.8125],"rotation":0,"texture":"#0","tintindex":0},"down":{"uv":[7.6875,6.0625,7.9375,6.3125],"rotation":0,"texture":"#0","tintindex":0}}},{"from":[9.497705,1.9492841,6.9191294],"to":[10.640562,5.949284,8.633415],"rotation":{"angle":0.0,"axis":"y","origin":[3.0691338,-19.765003,9.633415]},"faces":{"east":{"uv":[3.0625,7.4375,2.875,7.875],"rotation":0,"texture":"#0","tintindex":0},"south":{"uv":[4.5,7.75,4.375,8.1875],"rotation":0,"texture":"#0","tintindex":0},"north":{"uv":[6.0,1.25,5.875,1.6875],"rotation":0,"texture":"#0","tintindex":0},"west":{"uv":[5.1875,1.6875,5.0,2.125],"rotation":0,"texture":"#0","tintindex":0},"up":{"uv":[0.875,5.5625,1.0,5.375],"rotation":0,"texture":"#0","tintindex":0},"down":{"uv":[2.625,5.6875,2.75,5.875],"rotation":0,"texture":"#0","tintindex":0}}},{"from":[5.926276,2.3778553,5.776272],"to":[9.926277,8.092141,9.776272],"rotation":{"angle":0.0,"axis":"y","origin":[3.0691338,-19.765003,9.633415]},"faces":{"east":{"uv":[6.4375,1.875,6.0,2.5],"rotation":0,"texture":"#0","tintindex":0},"south":{"uv":[6.4375,1.25,6.0,1.875],"rotation":0,"texture":"#0","tintindex":0},"north":{"uv":[5.8125,5.875,5.375,6.5],"rotation":0,"texture":"#0","tintindex":0},"west":{"uv":[6.375,2.5,5.9375,3.125],"rotation":0,"texture":"#0","tintindex":0},"up":{"uv":[6.4375,2.4375,6.875,2.0],"rotation":0,"texture":"#0","tintindex":0},"down":{"uv":[2.25,6.5,2.6875,6.9375],"rotation":0,"texture":"#0","tintindex":0}}}],"display":{"head":{"translation":[0.0,-6.4,0.0],"scale":[4.0,4.0,4.0]}}}