{"textures":{"0":"modelengine:entity/toro_queenbee"},"elements":[{"from":[7.714286,7.714286,7.0],"to":[8.285714,12.285715,7.5714283],"rotation":{"angle":-22.5,"axis":"x","origin":[7.142857,10.0,7.5714283]},"faces":{"east":{"uv":[2.8125,7.8125,2.875,8.3125],"rotation":0,"texture":"#0","tintindex":0},"south":{"uv":[4.1875,7.8125,4.25,8.3125],"rotation":0,"texture":"#0","tintindex":0},"north":{"uv":[7.375,7.75,7.4375,8.25],"rotation":0,"texture":"#0","tintindex":0},"west":{"uv":[7.875,2.6875,7.9375,3.1875],"rotation":0,"texture":"#0","tintindex":0},"up":{"uv":[6.875,1.125,6.8125,1.0625],"rotation":0,"texture":"#0","tintindex":0},"down":{"uv":[3.125,6.9375,3.0625,7.0],"rotation":0,"texture":"#0","tintindex":0}}},{"from":[7.428571,11.571428,7.428571],"to":[8.571428,16.142857,8.571428],"rotation":{"angle":-45.0,"axis":"x","origin":[7.142857,10.0,7.5714283]},"faces":{"east":{"uv":[1.9375,7.625,2.0625,8.125],"rotation":0,"texture":"#0","tintindex":0},"south":{"uv":[5.4375,7.6875,5.5625,8.1875],"rotation":0,"texture":"#0","tintindex":0},"north":{"uv":[4.25,7.5,4.375,8.0],"rotation":0,"texture":"#0","tintindex":0},"west":{"uv":[0.75,7.75,0.875,8.25],"rotation":0,"texture":"#0","tintindex":0},"up":{"uv":[8.0625,5.6875,7.9375,5.5625],"rotation":0,"texture":"#0","tintindex":0},"down":{"uv":[8.0625,5.6875,7.9375,5.8125],"rotation":0,"texture":"#0","tintindex":0}}}],"display":{"head":{"translation":[0.0,-6.4,0.0],"scale":[4.0,4.0,4.0]}}}