{"textures":{"0":"modelengine:entity/toro_queenbee"},"elements":[{"from":[4.0,4.714286,8.857143],"to":[11.428572,12.142858,12.285715],"rotation":{"angle":0.0,"axis":"y","origin":[8.0,10.285714,6.857143]},"faces":{"east":{"uv":[5.8125,3.25,6.625,3.625],"rotation":90,"texture":"#0","tintindex":0},"south":{"uv":[5.1875,1.6875,6.0,2.5],"rotation":0,"texture":"#0","tintindex":0},"north":{"uv":[5.0,5.0625,5.8125,5.875],"rotation":0,"texture":"#0","tintindex":0},"west":{"uv":[5.8125,3.25,6.625,3.625],"rotation":90,"texture":"#0","tintindex":0},"up":{"uv":[6.625,3.625,5.8125,3.25],"rotation":0,"texture":"#0","tintindex":0},"down":{"uv":[6.625,3.25,5.8125,3.625],"rotation":0,"texture":"#0","tintindex":0}}},{"from":[4.5714283,5.285714,12.285715],"to":[10.857143,11.571428,14.571428],"rotation":{"angle":0.0,"axis":"y","origin":[8.0,10.285714,6.857143]},"faces":{"east":{"uv":[5.8125,3.25,6.625,3.625],"rotation":90,"texture":"#0","tintindex":0},"south":{"uv":[5.1875,1.6875,6.0,2.5],"rotation":0,"texture":"#0","tintindex":0},"north":{"uv":[5.0,5.0625,5.8125,5.875],"rotation":0,"texture":"#0","tintindex":0},"west":{"uv":[5.8125,3.25,6.625,3.625],"rotation":90,"texture":"#0","tintindex":0},"up":{"uv":[6.625,3.625,5.8125,3.25],"rotation":0,"texture":"#0","tintindex":0},"down":{"uv":[6.625,3.25,5.8125,3.625],"rotation":0,"texture":"#0","tintindex":0}}},{"from":[6.285714,7.0,16.857143],"to":[9.142858,9.857143,19.142857],"rotation":{"angle":0.0,"axis":"y","origin":[8.0,10.285714,6.857143]},"faces":{"east":{"uv":[5.8125,3.25,6.625,3.625],"rotation":90,"texture":"#0","tintindex":0},"south":{"uv":[5.1875,1.6875,6.0,2.5],"rotation":0,"texture":"#0","tintindex":0},"north":{"uv":[5.0,5.0625,5.8125,5.875],"rotation":0,"texture":"#0","tintindex":0},"west":{"uv":[5.8125,3.25,6.625,3.625],"rotation":90,"texture":"#0","tintindex":0},"up":{"uv":[6.625,3.625,5.8125,3.25],"rotation":0,"texture":"#0","tintindex":0},"down":{"uv":[6.625,3.25,5.8125,3.625],"rotation":0,"texture":"#0","tintindex":0}}},{"from":[5.142857,5.8571424,14.571428],"to":[10.285714,11.0,16.857143],"rotation":{"angle":0.0,"axis":"y","origin":[8.0,10.285714,6.857143]},"faces":{"east":{"uv":[5.8125,3.25,6.625,3.625],"rotation":90,"texture":"#0","tintindex":0},"south":{"uv":[5.1875,1.6875,6.0,2.5],"rotation":0,"texture":"#0","tintindex":0},"north":{"uv":[5.0,5.0625,5.8125,5.875],"rotation":0,"texture":"#0","tintindex":0},"west":{"uv":[5.8125,3.25,6.625,3.625],"rotation":90,"texture":"#0","tintindex":0},"up":{"uv":[6.625,3.625,5.8125,3.25],"rotation":0,"texture":"#0","tintindex":0},"down":{"uv":[6.625,3.25,5.8125,3.625],"rotation":0,"texture":"#0","tintindex":0}}}],"display":{"head":{"translation":[0.0,-6.4,0.0],"scale":[4.0,4.0,4.0]}}}