{"textures":{"0":"modelengine:entity/sniffer_giant"},"elements":[{"from":[-0.1513052,4.6824923,-4.2269583],"to":[16.151306,16.637741,19.955248],"rotation":{"angle":0.0,"axis":"y","origin":[8.0,0.33512878,8.0]},"faces":{"east":{"uv":[3.625,0.0,6.25,1.3125],"rotation":0,"texture":"#0","tintindex":0},"south":{"uv":[3.625,3.9375,5.4375,5.25],"rotation":0,"texture":"#0","tintindex":0},"north":{"uv":[3.625,2.625,5.4375,3.9375],"rotation":0,"texture":"#0","tintindex":0},"west":{"uv":[3.625,1.3125,6.25,2.625],"rotation":0,"texture":"#0","tintindex":0},"up":{"uv":[1.8125,5.3125,0.0,2.6875],"rotation":0,"texture":"#0","tintindex":0},"down":{"uv":[1.8125,2.6875,0.0,0.0],"rotation":0,"texture":"#0","tintindex":0}}},{"from":[-0.1513052,2.5088105,19.955248],"to":[16.151306,4.6824923,19.955248],"rotation":{"angle":0.0,"axis":"y","origin":[8.0,0.33512878,8.0]},"faces":{"east":{"uv":[0.0,0.0,0.0,0.25],"rotation":0,"texture":"#0","tintindex":0},"south":{"uv":[6.3125,5.8125,8.125,6.0625],"rotation":0,"texture":"#0","tintindex":0},"north":{"uv":[7.25,0.875,9.0625,1.125],"rotation":0,"texture":"#0","tintindex":0},"west":{"uv":[0.0,0.0,0.0,0.25],"rotation":0,"texture":"#0","tintindex":0},"up":{"uv":[1.8125,0.0,0.0,0.0],"rotation":0,"texture":"#0","tintindex":0},"down":{"uv":[1.8125,0.0,0.0,0.0],"rotation":0,"texture":"#0","tintindex":0}}},{"from":[-0.1513052,2.5088105,-4.2269583],"to":[16.151306,4.6824923,-4.2269583],"rotation":{"angle":0.0,"axis":"y","origin":[8.0,0.33512878,8.0]},"faces":{"east":{"uv":[0.0,0.0,0.0,0.25],"rotation":0,"texture":"#0","tintindex":0},"south":{"uv":[6.3125,5.8125,8.125,6.0625],"rotation":0,"texture":"#0","tintindex":0},"north":{"uv":[7.25,0.875,9.0625,1.125],"rotation":0,"texture":"#0","tintindex":0},"west":{"uv":[0.0,0.0,0.0,0.25],"rotation":0,"texture":"#0","tintindex":0},"up":{"uv":[1.8125,0.0,0.0,0.0],"rotation":0,"texture":"#0","tintindex":0},"down":{"uv":[1.8125,0.0,0.0,0.0],"rotation":0,"texture":"#0","tintindex":0}}},{"from":[-0.1513052,2.5088105,-4.2269583],"to":[-0.1513052,4.6824923,19.955248],"rotation":{"angle":0.0,"axis":"y","origin":[8.0,0.33512878,8.0]},"faces":{"east":{"uv":[6.25,2.3125,8.875,2.5625],"rotation":0,"texture":"#0","tintindex":0},"south":{"uv":[0.0,0.0,0.0,0.25],"rotation":0,"texture":"#0","tintindex":0},"north":{"uv":[0.0,0.0,0.0,0.25],"rotation":0,"texture":"#0","tintindex":0},"west":{"uv":[6.25,2.0625,8.875,2.3125],"rotation":0,"texture":"#0","tintindex":0},"up":{"uv":[0.0,2.625,0.0,0.0],"rotation":0,"texture":"#0","tintindex":0},"down":{"uv":[0.0,0.0,0.0,2.625],"rotation":0,"texture":"#0","tintindex":0}}},{"from":[16.151306,2.5088105,-4.2269583],"to":[16.151306,4.6824923,19.955248],"rotation":{"angle":0.0,"axis":"y","origin":[8.0,0.33512878,8.0]},"faces":{"east":{"uv":[6.25,2.3125,8.875,2.5625],"rotation":0,"texture":"#0","tintindex":0},"south":{"uv":[0.0,0.0,0.0,0.25],"rotation":0,"texture":"#0","tintindex":0},"north":{"uv":[0.0,0.0,0.0,0.25],"rotation":0,"texture":"#0","tintindex":0},"west":{"uv":[6.25,2.0625,8.875,2.3125],"rotation":0,"texture":"#0","tintindex":0},"up":{"uv":[0.0,2.625,0.0,0.0],"rotation":0,"texture":"#0","tintindex":0},"down":{"uv":[0.0,0.0,0.0,2.625],"rotation":0,"texture":"#0","tintindex":0}}},{"from":[-0.4230156,9.029855,-4.4986687],"to":[16.423016,16.90945,20.22696],"rotation":{"angle":0.0,"axis":"y","origin":[8.0,0.33512878,8.0]},"faces":{"east":{"uv":[3.625,5.25,6.3125,6.125],"rotation":0,"texture":"#0","tintindex":0},"south":{"uv":[5.4375,3.5,7.25,4.375],"rotation":0,"texture":"#0","tintindex":0},"north":{"uv":[5.4375,2.625,7.25,3.5],"rotation":0,"texture":"#0","tintindex":0},"west":{"uv":[0.0,5.3125,2.6875,6.1875],"rotation":0,"texture":"#0","tintindex":0},"up":{"uv":[1.8125,2.6875,0.0,0.0],"rotation":0,"texture":"#0","tintindex":0},"down":{"uv":[3.625,0.0,1.8125,2.6875],"rotation":0,"texture":"#0","tintindex":0}}}],"display":{"head":{"translation":[0.0,-6.4,0.0],"scale":[4.0,4.0,4.0]}}}