{"textures":{"0":"modelengine:entity/sniffer_giant"},"elements":[{"from":[2.8375068,3.6194768,-3.411828],"to":[12.075653,12.314203,9.358551],"rotation":{"angle":0.0,"axis":"y","origin":[8.0,-0.99959564,21.042088]},"faces":{"east":{"uv":[4.6875,6.125,6.0625,7.0625],"rotation":0,"texture":"#0","tintindex":0},"south":{"uv":[6.75,4.375,7.75,5.3125],"rotation":0,"texture":"#0","tintindex":0},"north":{"uv":[6.25,0.875,7.25,1.8125],"rotation":0,"texture":"#0","tintindex":0},"west":{"uv":[6.0625,6.125,7.4375,7.0625],"rotation":0,"texture":"#0","tintindex":0},"up":{"uv":[3.6875,7.5,2.6875,6.125],"rotation":0,"texture":"#0","tintindex":0},"down":{"uv":[4.6875,6.125,3.6875,7.5],"rotation":0,"texture":"#0","tintindex":0}}},{"from":[3.1092167,3.8911867,-3.1401176],"to":[11.803943,12.042493,9.086841],"rotation":{"angle":0.0,"axis":"y","origin":[8.0,-0.99959564,21.042088]},"faces":{"east":{"uv":[5.4375,4.375,6.75,5.25],"rotation":0,"texture":"#0","tintindex":0},"south":{"uv":[5.625,7.0625,6.5625,7.9375],"rotation":0,"texture":"#0","tintindex":0},"north":{"uv":[4.6875,7.0625,5.625,7.9375],"rotation":0,"texture":"#0","tintindex":0},"west":{"uv":[6.25,0.0,7.5625,0.875],"rotation":0,"texture":"#0","tintindex":0},"up":{"uv":[0.9375,7.5,0.0,6.1875],"rotation":0,"texture":"#0","tintindex":0},"down":{"uv":[1.875,6.1875,0.9375,7.5],"rotation":0,"texture":"#0","tintindex":0}}}],"display":{"head":{"translation":[0.0,-6.4,0.0],"scale":[4.0,4.0,4.0]}}}