{"textures":{"0":"modelengine:entity/rascal"},"elements":[{"from":[5.081143,5.8461714,6.0866284],"to":[10.530286,10.0592,8.719771],"rotation":{"angle":0.0,"axis":"y","origin":[7.714286,-1.0,12.142858]},"faces":{"east":{"uv":[5.25,6.75,5.875,7.625],"rotation":0,"texture":"#0","tintindex":0},"south":{"uv":[4.0,4.625,5.25,5.5],"rotation":0,"texture":"#0","tintindex":0},"north":{"uv":[2.75,4.625,4.0,5.5],"rotation":0,"texture":"#0","tintindex":0},"west":{"uv":[2.5,6.875,3.125,7.75],"rotation":0,"texture":"#0","tintindex":0},"up":{"uv":[6.875,4.25,5.625,3.625],"rotation":0,"texture":"#0","tintindex":0},"down":{"uv":[7.125,1.375,5.875,2.0],"rotation":0,"texture":"#0","tintindex":0}}},{"from":[4.817828,4.1805716,5.829486],"to":[5.3682284,5.760457,9.019772],"rotation":{"angle":0.0,"axis":"y","origin":[7.714286,-1.0,12.142858]},"faces":{"east":{"uv":[7.125,3.0,7.875,3.375],"rotation":0,"texture":"#0","tintindex":0},"south":{"uv":[3.125,6.875,3.25,7.25],"rotation":0,"texture":"#0","tintindex":0},"north":{"uv":[2.625,6.375,2.75,6.75],"rotation":0,"texture":"#0","tintindex":0},"west":{"uv":[7.25,4.125,8.0,4.5],"rotation":0,"texture":"#0","tintindex":0},"up":{"uv":[2.625,6.375,2.5,5.625],"rotation":0,"texture":"#0","tintindex":0},"down":{"uv":[2.75,5.625,2.625,6.375],"rotation":0,"texture":"#0","tintindex":0}}},{"from":[10.317829,4.1805716,5.829486],"to":[10.868229,5.760457,9.019772],"rotation":{"angle":0.0,"axis":"y","origin":[7.714286,-1.0,12.142858]},"faces":{"east":{"uv":[7.375,4.5,8.125,4.875],"rotation":0,"texture":"#0","tintindex":0},"south":{"uv":[5.125,6.875,5.25,7.25],"rotation":0,"texture":"#0","tintindex":0},"north":{"uv":[3.25,6.875,3.375,7.25],"rotation":0,"texture":"#0","tintindex":0},"west":{"uv":[7.375,4.875,8.125,5.25],"rotation":0,"texture":"#0","tintindex":0},"up":{"uv":[4.5,6.875,4.375,6.125],"rotation":0,"texture":"#0","tintindex":0},"down":{"uv":[4.625,6.125,4.5,6.875],"rotation":0,"texture":"#0","tintindex":0}}},{"from":[4.817828,5.767177,5.823314],"to":[10.874058,10.585829,8.983086],"rotation":{"angle":0.0,"axis":"y","origin":[7.714286,-1.0,12.142858]},"faces":{"east":{"uv":[5.875,2.0,6.625,3.0],"rotation":0,"texture":"#0","tintindex":0},"south":{"uv":[1.375,4.625,2.75,5.625],"rotation":0,"texture":"#0","tintindex":0},"north":{"uv":[4.25,3.625,5.625,4.625],"rotation":0,"texture":"#0","tintindex":0},"west":{"uv":[5.875,5.375,6.625,6.375],"rotation":0,"texture":"#0","tintindex":0},"up":{"uv":[6.25,0.75,4.875,0.0],"rotation":0,"texture":"#0","tintindex":0},"down":{"uv":[6.625,4.625,5.25,5.375],"rotation":0,"texture":"#0","tintindex":0}}},{"from":[5.081143,7.952686,5.56],"to":[10.610743,10.0592,6.1012573],"rotation":{"angle":0.0,"axis":"y","origin":[7.714286,-1.0,12.142858]},"faces":{"east":{"uv":[4.625,6.125,4.75,6.625],"rotation":0,"texture":"#0","tintindex":0},"south":{"uv":[5.875,6.375,7.125,6.875],"rotation":0,"texture":"#0","tintindex":0},"north":{"uv":[5.875,3.0,7.125,3.5],"rotation":0,"texture":"#0","tintindex":0},"west":{"uv":[2.5,6.375,2.625,6.875],"rotation":0,"texture":"#0","tintindex":0},"up":{"uv":[8.375,1.875,7.125,1.75],"rotation":0,"texture":"#0","tintindex":0},"down":{"uv":[8.375,1.875,7.125,2.0],"rotation":0,"texture":"#0","tintindex":0}}}],"display":{"head":{"translation":[0.0,-6.4,0.0],"scale":[4.0,4.0,4.0]}}}