{"textures":{"0":"modelengine:entity/sniffer_giant"},"elements":[{"from":[8.81513,1.4457955,5.282898],"to":[9.901971,10.140521,10.445392],"rotation":{"angle":0.0,"axis":"y","origin":[4.739478,-2.0864372,22.12893]},"faces":{"east":{"uv":[1.875,6.1875,2.4375,7.125],"rotation":0,"texture":"#0","tintindex":0},"south":{"uv":[2.5625,6.1875,2.6875,7.125],"rotation":0,"texture":"#0","tintindex":0},"north":{"uv":[2.4375,6.1875,2.5625,7.125],"rotation":0,"texture":"#0","tintindex":0},"west":{"uv":[6.5625,7.0625,7.125,8.0],"rotation":0,"texture":"#0","tintindex":0},"up":{"uv":[1.875,8.0625,1.75,7.5],"rotation":0,"texture":"#0","tintindex":0},"down":{"uv":[1.875,8.0625,1.75,8.625],"rotation":0,"texture":"#0","tintindex":0}}}],"display":{"head":{"translation":[0.0,-6.4,0.0],"scale":[4.0,4.0,4.0]}}}