{"textures":{"0":"modelengine:entity/caracal"},"elements":[{"from":[5.714286,5.885714,6.2285714],"to":[10.285714,9.885715,6.8],"rotation":{"angle":0.0,"axis":"y","origin":[8.0,7.0857143,8.914286]},"faces":{"east":{"uv":[11.5,8.25,11.75,10.0],"rotation":0,"texture":"#0","tintindex":0},"south":{"uv":[14.0,8.25,16.0,10.0],"rotation":0,"texture":"#0","tintindex":0},"north":{"uv":[11.75,8.25,13.75,10.0],"rotation":0,"texture":"#0","tintindex":0},"west":{"uv":[13.75,8.25,14.0,10.0],"rotation":0,"texture":"#0","tintindex":0},"up":{"uv":[13.75,8.25,11.75,8.0],"rotation":0,"texture":"#0","tintindex":0},"down":{"uv":[15.75,8.0,13.75,8.25],"rotation":0,"texture":"#0","tintindex":0}}},{"from":[6.857143,5.3142858,6.2285714],"to":[9.142858,5.885714,6.8],"rotation":{"angle":0.0,"axis":"y","origin":[8.0,7.0857143,8.914286]},"faces":{"east":{"uv":[11.5,10.25,11.75,10.5],"rotation":0,"texture":"#0","tintindex":0},"south":{"uv":[13.0,10.25,14.0,10.5],"rotation":0,"texture":"#0","tintindex":0},"north":{"uv":[11.75,10.25,12.75,10.5],"rotation":0,"texture":"#0","tintindex":0},"west":{"uv":[12.75,10.25,13.0,10.5],"rotation":0,"texture":"#0","tintindex":0},"up":{"uv":[12.75,10.25,11.75,10.0],"rotation":0,"texture":"#0","tintindex":0},"down":{"uv":[13.75,10.0,12.75,10.25],"rotation":0,"texture":"#0","tintindex":0}}},{"from":[6.2285714,8.457143,6.1142855],"to":[6.2285714,9.028571,8.971429],"rotation":{"angle":0.0,"axis":"y","origin":[8.0,7.0857143,8.914286]},"faces":{"east":{"uv":[11.5,10.5,12.75,10.75],"rotation":0,"texture":"#0","tintindex":0},"south":{"uv":[14.0,10.5,14.0,10.75],"rotation":0,"texture":"#0","tintindex":0},"north":{"uv":[12.75,10.5,12.75,10.75],"rotation":0,"texture":"#0","tintindex":0},"west":{"uv":[12.75,10.5,14.0,10.75],"rotation":0,"texture":"#0","tintindex":0},"up":{"uv":[12.75,10.5,12.75,9.25],"rotation":0,"texture":"#0","tintindex":0},"down":{"uv":[12.75,9.25,12.75,10.5],"rotation":0,"texture":"#0","tintindex":0}}},{"from":[9.771429,8.457143,6.1142855],"to":[9.771429,9.028571,8.971429],"rotation":{"angle":0.0,"axis":"y","origin":[8.0,7.0857143,8.914286]},"faces":{"east":{"uv":[11.5,10.75,12.75,11.0],"rotation":0,"texture":"#0","tintindex":0},"south":{"uv":[14.0,10.75,14.0,11.0],"rotation":0,"texture":"#0","tintindex":0},"north":{"uv":[12.75,10.75,12.75,11.0],"rotation":0,"texture":"#0","tintindex":0},"west":{"uv":[12.75,10.75,14.0,11.0],"rotation":0,"texture":"#0","tintindex":0},"up":{"uv":[12.75,10.75,12.75,9.5],"rotation":0,"texture":"#0","tintindex":0},"down":{"uv":[12.75,9.5,12.75,10.75],"rotation":0,"texture":"#0","tintindex":0}}},{"from":[6.285714,8.457143,9.257143],"to":[9.714286,9.028571,9.257143],"rotation":{"angle":0.0,"axis":"y","origin":[8.0,7.0857143,8.914286]},"faces":{"east":{"uv":[11.5,11.25,11.5,11.5],"rotation":0,"texture":"#0","tintindex":0},"south":{"uv":[13.0,11.25,14.5,11.5],"rotation":0,"texture":"#0","tintindex":0},"north":{"uv":[11.5,11.25,13.0,11.5],"rotation":0,"texture":"#0","tintindex":0},"west":{"uv":[13.0,11.25,13.0,11.5],"rotation":0,"texture":"#0","tintindex":0},"up":{"uv":[13.0,11.25,11.5,11.25],"rotation":0,"texture":"#0","tintindex":0},"down":{"uv":[14.5,11.25,13.0,11.25],"rotation":0,"texture":"#0","tintindex":0}}}],"display":{"head":{"translation":[0.0,-6.4,0.0],"scale":[4.0,4.0,4.0]}}}