{"textures":{"0":"modelengine:entity/capybara"},"elements":[{"from":[6.862857,4.7914286,6.7914286],"to":[9.137143,8.208571,9.065714],"rotation":{"angle":0.0,"axis":"y","origin":[6.285714,4.785714,11.071428]},"faces":{"east":{"uv":[3.75,6.625,4.25,7.375],"rotation":0,"texture":"#0","tintindex":0},"south":{"uv":[5.25,6.625,5.75,7.375],"rotation":0,"texture":"#0","tintindex":0},"north":{"uv":[4.25,6.625,4.75,7.375],"rotation":0,"texture":"#0","tintindex":0},"west":{"uv":[4.75,6.625,5.25,7.375],"rotation":0,"texture":"#0","tintindex":0},"up":{"uv":[4.75,6.625,4.25,6.125],"rotation":0,"texture":"#0","tintindex":0},"down":{"uv":[5.25,6.125,4.75,6.625],"rotation":0,"texture":"#0","tintindex":0}}},{"from":[8.571428,4.785714,6.214286],"to":[9.142858,5.3571424,6.785714],"rotation":{"angle":0.0,"axis":"y","origin":[6.285714,4.785714,11.071428]},"faces":{"east":{"uv":[0.5,4.125,0.625,4.25],"rotation":0,"texture":"#0","tintindex":0},"south":{"uv":[0.875,4.125,1.0,4.25],"rotation":0,"texture":"#0","tintindex":0},"north":{"uv":[0.625,4.125,0.75,4.25],"rotation":0,"texture":"#0","tintindex":0},"west":{"uv":[0.75,4.125,0.875,4.25],"rotation":0,"texture":"#0","tintindex":0},"up":{"uv":[0.75,4.125,0.625,4.0],"rotation":0,"texture":"#0","tintindex":0},"down":{"uv":[0.875,4.0,0.75,4.125],"rotation":0,"texture":"#0","tintindex":0}}},{"from":[6.857143,4.785714,6.214286],"to":[7.428571,5.3571424,6.785714],"rotation":{"angle":0.0,"axis":"y","origin":[6.285714,4.785714,11.071428]},"faces":{"east":{"uv":[1.125,3.875,1.25,4.0],"rotation":0,"texture":"#0","tintindex":0},"south":{"uv":[1.5,3.875,1.625,4.0],"rotation":0,"texture":"#0","tintindex":0},"north":{"uv":[1.25,3.875,1.375,4.0],"rotation":0,"texture":"#0","tintindex":0},"west":{"uv":[1.375,3.875,1.5,4.0],"rotation":0,"texture":"#0","tintindex":0},"up":{"uv":[1.375,3.875,1.25,3.75],"rotation":0,"texture":"#0","tintindex":0},"down":{"uv":[1.5,3.75,1.375,3.875],"rotation":0,"texture":"#0","tintindex":0}}},{"from":[7.714286,4.785714,6.214286],"to":[8.285714,5.3571424,6.785714],"rotation":{"angle":0.0,"axis":"y","origin":[6.285714,4.785714,11.071428]},"faces":{"east":{"uv":[0.0,3.875,0.125,4.0],"rotation":0,"texture":"#0","tintindex":0},"south":{"uv":[0.375,3.875,0.5,4.0],"rotation":0,"texture":"#0","tintindex":0},"north":{"uv":[0.125,3.875,0.25,4.0],"rotation":0,"texture":"#0","tintindex":0},"west":{"uv":[0.25,3.875,0.375,4.0],"rotation":0,"texture":"#0","tintindex":0},"up":{"uv":[0.25,3.875,0.125,3.75],"rotation":0,"texture":"#0","tintindex":0},"down":{"uv":[0.375,3.75,0.25,3.875],"rotation":0,"texture":"#0","tintindex":0}}}],"display":{"head":{"translation":[0.0,-6.4,0.0],"scale":[4.0,4.0,4.0]}}}