{"textures":{"0":"modelengine:entity/capybara"},"elements":[{"from":[6.862857,4.7914286,6.7914286],"to":[9.137143,8.208571,9.065714],"rotation":{"angle":0.0,"axis":"y","origin":[9.714286,4.785714,11.071428]},"faces":{"east":{"uv":[2.125,5.5,2.625,6.25],"rotation":0,"texture":"#0","tintindex":0},"south":{"uv":[3.625,5.5,4.125,6.25],"rotation":0,"texture":"#0","tintindex":0},"north":{"uv":[2.625,5.5,3.125,6.25],"rotation":0,"texture":"#0","tintindex":0},"west":{"uv":[3.125,5.5,3.625,6.25],"rotation":0,"texture":"#0","tintindex":0},"up":{"uv":[3.125,5.5,2.625,5.0],"rotation":0,"texture":"#0","tintindex":0},"down":{"uv":[3.625,5.0,3.125,5.5],"rotation":0,"texture":"#0","tintindex":0}}},{"from":[8.571428,4.785714,6.214286],"to":[9.142858,5.3571424,6.785714],"rotation":{"angle":0.0,"axis":"y","origin":[9.714286,4.785714,11.071428]},"faces":{"east":{"uv":[0.625,3.625,0.75,3.75],"rotation":0,"texture":"#0","tintindex":0},"south":{"uv":[1.0,3.625,1.125,3.75],"rotation":0,"texture":"#0","tintindex":0},"north":{"uv":[0.75,3.625,0.875,3.75],"rotation":0,"texture":"#0","tintindex":0},"west":{"uv":[0.875,3.625,1.0,3.75],"rotation":0,"texture":"#0","tintindex":0},"up":{"uv":[0.875,3.625,0.75,3.5],"rotation":0,"texture":"#0","tintindex":0},"down":{"uv":[1.0,3.5,0.875,3.625],"rotation":0,"texture":"#0","tintindex":0}}},{"from":[6.857143,4.785714,6.214286],"to":[7.428571,5.3571424,6.785714],"rotation":{"angle":0.0,"axis":"y","origin":[9.714286,4.785714,11.071428]},"faces":{"east":{"uv":[0.0,3.5,0.125,3.625],"rotation":0,"texture":"#0","tintindex":0},"south":{"uv":[0.375,3.5,0.5,3.625],"rotation":0,"texture":"#0","tintindex":0},"north":{"uv":[0.125,3.5,0.25,3.625],"rotation":0,"texture":"#0","tintindex":0},"west":{"uv":[0.25,3.5,0.375,3.625],"rotation":0,"texture":"#0","tintindex":0},"up":{"uv":[0.25,3.5,0.125,3.375],"rotation":0,"texture":"#0","tintindex":0},"down":{"uv":[0.375,3.375,0.25,3.5],"rotation":0,"texture":"#0","tintindex":0}}},{"from":[7.714286,4.785714,6.214286],"to":[8.285714,5.3571424,6.785714],"rotation":{"angle":0.0,"axis":"y","origin":[9.714286,4.785714,11.071428]},"faces":{"east":{"uv":[1.125,3.375,1.25,3.5],"rotation":0,"texture":"#0","tintindex":0},"south":{"uv":[1.5,3.375,1.625,3.5],"rotation":0,"texture":"#0","tintindex":0},"north":{"uv":[1.25,3.375,1.375,3.5],"rotation":0,"texture":"#0","tintindex":0},"west":{"uv":[1.375,3.375,1.5,3.5],"rotation":0,"texture":"#0","tintindex":0},"up":{"uv":[1.375,3.375,1.25,3.25],"rotation":0,"texture":"#0","tintindex":0},"down":{"uv":[1.5,3.25,1.375,3.375],"rotation":0,"texture":"#0","tintindex":0}}}],"display":{"head":{"translation":[0.0,-6.4,0.0],"scale":[4.0,4.0,4.0]}}}